"connected templates","content","order","preview image","title","Creation Date"
"Real Estate App like Zillow , Real Estate Agency ProBuilders , Office Rental App like WeWork","[highlight=transparent]In the dynamic world of real estate, having the right tools can set you apart from the competition. At MindForApp, we specialize in crafting high-quality, no-code templates on Bubble.io that cater to various needs within the real estate industry. Explore our top templates designed to streamline operations, enhance user experience, and boost your business.[/highlight]

[h4][b][highlight=transparent]1. Top Realtor[/highlight][/b][/h4]

[color=rgb(17, 85, 204)][highlight=transparent][url=https://mindforapps.com/project_details/toprealtor]Top Realtor Template[/url][/highlight][/color][highlight=transparent] Maximize your reach with our Top Realtor template. Designed for real estate agents and agencies, this template allows you to showcase property listings, manage client interactions, and track sales. With user-friendly features and customizable options, it helps you stand out in a competitive market.[/highlight]

[h4][b][highlight=transparent]2. Pro Builders[/highlight][/b][/h4]

[color=rgb(17, 85, 204)][highlight=transparent][url=https://mindforapps.com/project_details/probuilders]Pro Builders Template[/url][/highlight][/color][highlight=transparent] Catered to construction companies and property developers, the Pro Builders template offers a comprehensive solution for project management. Showcase ongoing and completed projects, manage contractor details, and streamline client communication. This template ensures your construction business operates efficiently and professionally.[/highlight]

[h4][b][highlight=transparent]3. Office Rental Platform[/highlight][/b][/h4]

[color=rgb(17, 85, 204)][highlight=transparent][url=https://mindforapps.com/project_details/spacepro]Office Rental Platform Template[/url][/highlight][/color][highlight=transparent] For those managing commercial properties, the Office Rental Platform template is an ideal choice. List office spaces, manage rental agreements, and facilitate online bookings. Its robust feature set and easy customization make it perfect for property managers and real estate firms focusing on office rentals.[/highlight]

[h3][b][highlight=transparent]Why Choose MindForApp's Real Estate Templates?[/highlight][/b][/h3]

[ml][li indent=0 align=left][b][highlight=transparent]No-Code Simplicity:[/highlight][/b][highlight=transparent] Easily customize and deploy without needing to write code.[/highlight][/li][li indent=0 align=left][b][highlight=transparent]Feature-Rich:[/highlight][/b][highlight=transparent] Packed with essential functionalities tailored for real estate.[/highlight][/li][li indent=0 align=left][b][highlight=transparent]User-Friendly:[/highlight][/b][highlight=transparent] Intuitive design ensures a smooth experience for you and your clients.[/highlight][/li][li indent=0 align=left][b][highlight=transparent]Scalable Solutions:[/highlight][/b][highlight=transparent] Templates designed to grow with your business.[/highlight][/li][li indent=0 align=left]
[/li][/ml][highlight=transparent]By leveraging these templates, you can significantly enhance your online presence, streamline your operations, and provide a seamless experience for your users. Whether you're a real estate agent, a construction company, or a property manager, our templates are designed to meet your specific needs.[/highlight]
[highlight=transparent]ï»¿[/highlight]
[highlight=transparent]Start building your real estate empire with MindForApp's Bubble.io templates today. Transform your ideas into reality and watch your business thrive in the digital landscape.[/highlight]","3","//ffe46b16a377e4f6249ab41469afe35b.cdn.bubble.io/f1721291972837x430919350296707000/Unlock%20the%20Potential%20of%20Real%20Estate%20with%20Bubble.io%20Templates.png","Unlock the Potential of Real Estate with Bubble.io Templates","Jul 12, 2024 3:59 pm"
"Rental Marketplace like AirBNB , Office Rental App like WeWork , Vacation Rentals like AirBNB , Moto Rental Marketplace , Car Rental Marketplace V1 , Car Rental Marketplace V2","[highlight=transparent]In today's fast-paced market, efficient rental management is key to staying competitive. At MindForApp, we offer top-tier, no-code templates on Bubble.io that cater to both real estate and vehicle rental needs. Explore our templates designed to simplify your rental operations and enhance customer experiences.[/highlight]

[h4][b][highlight=transparent]Real Estate Rental Templates[/highlight][/b][/h4]

[ml][ol][li indent=0 align=left][b][highlight=transparent]Rental Marketplace[/highlight][/b][color=rgb(0, 0, 0)][highlight=transparent][url=https://mindforapps.com/project_details/vacationrental] [/url][/highlight][/color][color=rgb(17, 85, 204)][highlight=transparent][url=https://mindforapps.com/project_details/vacationrental]Rental Marketplace Template[/url][/highlight][/color][highlight=transparent] Perfect for listing residential and commercial properties, this template features advanced search, booking management, and payment integration. It's ideal for property managers and rental agencies.[/highlight][/li][li indent=0 align=left][b][highlight=transparent]Vacation Rentals like Airbnb[/highlight][/b][color=rgb(0, 0, 0)][highlight=transparent][url=https://mindforapps.com/project_details/rental-marketplace] [/url][/highlight][/color][color=rgb(17, 85, 204)][highlight=transparent][url=https://mindforapps.com/project_details/rental-marketplace]Vacation Rentals Template[/url][/highlight][/color][highlight=transparent] Create a vacation rental platform akin to Airbnb. This template includes property listings, booking management, and user authentication, making it a comprehensive solution for short-term rentals.[/highlight][/li][li indent=0 align=left][b][highlight=transparent]Office Rental Platform[/highlight][/b][color=rgb(0, 0, 0)][highlight=transparent][url=https://mindforapps.com/project_details/spacepro] [/url][/highlight][/color][color=rgb(17, 85, 204)][highlight=transparent][url=https://mindforapps.com/project_details/spacepro]Office Rental Platform Template[/url][/highlight][/color][highlight=transparent] Designed for commercial property managers, this template allows listing of office spaces, managing rental agreements, and facilitating online bookings. It's perfect for office rental businesses.[/highlight][/li][/ol][/ml]
[h4][b][highlight=transparent]Vehicle Rental Templates[/highlight][/b][/h4]

[ml][ol][li indent=0 align=left][b][highlight=transparent]Car Rental Marketplace[/highlight][/b][color=rgb(0, 0, 0)][highlight=transparent][url=https://mindforapps.com/project_details/carrental] [/url][/highlight][/color][color=rgb(17, 85, 204)][highlight=transparent][url=https://mindforapps.com/project_details/carrental]Car Rental Marketplace Template[/url][/highlight][/color][highlight=transparent] Ideal for car rental agencies, this template includes vehicle listings, booking management, and payment processing. It ensures seamless rental experiences for customers.[/highlight][/li][li indent=0 align=left][b][highlight=transparent]Car 2 Go[/highlight][/b][color=rgb(0, 0, 0)][highlight=transparent][url=https://mindforapps.com/project_details/car2go] [/url][/highlight][/color][color=rgb(17, 85, 204)][highlight=transparent][url=https://mindforapps.com/project_details/car2go]Car 2 Go Template[/url][/highlight][/color][highlight=transparent] Streamline your car rental business with this template featuring real-time vehicle availability, booking management, and user profiles. Perfect for short-term car rentals.[/highlight][/li][li indent=0 align=left][b][highlight=transparent]Moto Rent[/highlight][/b][color=rgb(0, 0, 0)][highlight=transparent][url=https://mindforapps.com/project_details/motorent] [/url][/highlight][/color][color=rgb(17, 85, 204)][highlight=transparent][url=https://mindforapps.com/project_details/motorent]Moto Rent Template[/url][/highlight][/color][highlight=transparent] Specifically designed for motorcycle rentals, this template offers features like bike listings, booking systems, and secure payments. It's ideal for businesses renting out motorcycles.[/highlight][/li][/ol][/ml]
[h3][b][highlight=transparent]Why Choose MindForApp's Rental Templates?[/highlight][/b][/h3]

[ml][ul][li indent=0 align=left][b][highlight=transparent]No-Code Customization:[/highlight][/b][highlight=transparent] Easily tailor each template to your specific needs without coding.[/highlight][/li][li indent=0 align=left][b][highlight=transparent]Feature-Packed:[/highlight][/b][highlight=transparent] Each template comes with essential features to manage rentals efficiently.[/highlight][/li][li indent=0 align=left][b][highlight=transparent]User-Friendly Interface:[/highlight][/b][highlight=transparent] Designed to provide a smooth and intuitive experience for both administrators and customers.[/highlight][/li][li indent=0 align=left][b][highlight=transparent]Scalable Solutions:[/highlight][/b][highlight=transparent] Templates that grow with your business, ensuring long-term usability and efficiency.[/highlight][/li][/ul][/ml]
[highlight=transparent]Using these templates, you can enhance your online presence, streamline rental operations, and deliver exceptional customer service. Whether you're managing properties or vehicles, MindForApp's Bubble.io templates provide the perfect foundation to build and grow your rental business.[/highlight]
[highlight=transparent]ï»¿[/highlight]
[highlight=transparent]Explore our templates and start optimizing your rental operations today. Transform your business with the power of no-code solutions from MindForApp.[/highlight]


","","//ffe46b16a377e4f6249ab41469afe35b.cdn.bubble.io/f1721292005595x839399626345139300/Boost%20Your%20Rental%20Business%20with.png","Boost Your Rental Business with Bubble.io Templates","Jul 12, 2024 4:04 pm"
"Office Rental App like WeWork , Vacation Rentals like AirBNB , Moto Rental Marketplace , Car Rental Marketplace V1 , Car Rental Marketplace V2 , Rental Marketplace like AirBNB","[highlight=transparent]Starting a rental business can be daunting, but using Bubble.io templates can simplify the process significantly. Here's why:[/highlight]

[h4][b][highlight=transparent]1. No Coding Required[/highlight][/b][/h4]

[highlight=transparent]Bubble.io's no-code platform allows entrepreneurs to build functional rental websites and apps without any coding knowledge. This reduces the barrier to entry and speeds up the development process.[/highlight]

[h4][b][highlight=transparent]2. Cost-Effective[/highlight][/b][/h4]

[highlight=transparent]Hiring developers can be expensive. Bubble.io templates offer a cost-effective alternative, allowing you to get your rental business online without significant upfront costs.[/highlight]

[h4][b][highlight=transparent]3. Customizable Templates[/highlight][/b][/h4]

[highlight=transparent]Bubble.io provides highly customizable templates for various rental niches, including real estate and vehicles. You can tailor these templates to suit your specific business needs and branding.[/highlight]

[h4][b][highlight=transparent]4. Feature-Rich[/highlight][/b][/h4]

[highlight=transparent]The templates come packed with essential features such as booking management, payment processing, user authentication, and search filters. These built-in features help streamline your operations and provide a seamless user experience.[/highlight]

[h4][b][highlight=transparent]5. Quick Deployment[/highlight][/b][/h4]

[highlight=transparent]Time is crucial when launching a new business. Bubble.io templates allow you to quickly deploy your rental platform, enabling you to start attracting customers and generating revenue sooner.[/highlight]

[h4][b][highlight=transparent]6. Scalability[/highlight][/b][/h4]

[highlight=transparent]As your rental business grows, Bubble.io templates can scale with you. The platform supports increased traffic and additional functionalities, ensuring your business can expand without technical limitations.[/highlight]

[h4][b][highlight=transparent]7. SEO-Friendly[/highlight][/b][/h4]

[highlight=transparent]Bubble.io templates are designed with SEO best practices in mind, helping your rental business rank higher in search engine results. This increased visibility can drive more traffic to your site and boost your bookings.[/highlight]

[h4][b][highlight=transparent]8. Community and Support[/highlight][/b][/h4]

[highlight=transparent]Bubble.io boasts a vibrant community and extensive support resources. You can access forums, tutorials, and customer support to help you navigate any challenges you encounter.[/highlight]

[h3][b][highlight=transparent]Getting Started with Bubble.io Templates[/highlight][/b][/h3]

[highlight=transparent]To get started, explore Bubble.io's marketplace and select a template that fits your rental business model. Customize the template to match your brand, add your content, and launch your site. With Bubble.io, you can focus on growing your rental business while the platform handles the technical details.[/highlight]

[h3][b][highlight=transparent]Conclusion[/highlight][/b][/h3]

[highlight=transparent]Using Bubble.io templates for your rental business offers numerous advantages, from cost savings and quick deployment to scalability and SEO benefits. By leveraging these powerful tools, you can establish a strong online presence and effectively compete in the rental market. Start your journey today with Bubble.io and watch your rental business thrive.[/highlight]
","5","//ffe46b16a377e4f6249ab41469afe35b.cdn.bubble.io/f1721292035100x310614723653134000/Why_Bubble_Templates_are_Ideal_for_Starting_Your_Rental_Business.png","Why Bubble Templates are Ideal for Starting Your Rental Business","Jul 12, 2024 4:05 pm"
"","[highlight=transparent]In the fast-paced world of application development, the ability to visualize and test a design before committing to full-scale development is invaluable. Figma has emerged as a powerful tool for creating interactive prototypes, offering a convenient way to present new application designs to investors, test them personally, and refine the UX and UI based on real-world feedback. This prototyping phase is crucial for making informed decisions and ensuring the final product meets user expectations. Once the design is perfected, it can be seamlessly transitioned to Bubble.io for development, where the team at MindforApps brings these prototypes to life as fully functional applications.[/highlight]

[highlight=transparent]Creating a prototype in Figma offers numerous benefits. For one, it allows designers and stakeholders to see how the application will look and feel before any coding begins. This visual representation is not only helpful for internal teams but also makes it easier to present the concept to investors. Investors can interact with the prototype, gaining a clear understanding of the application's potential and providing valuable feedback that can be incorporated into the design. This early validation can significantly boost investor confidence and support for the project.[/highlight]

[highlight=transparent]Personal testing is another significant advantage of Figma prototypes. By interacting with the prototype, designers and product managers can experience the user journey firsthand. This hands-on testing helps identify any usability issues or design flaws that might not be apparent in static mockups. Adjustments can be made in real-time, ensuring the final design is intuitive and user-friendly. This iterative process is essential for creating a polished product that delivers an exceptional user experience.[/highlight]

[highlight=transparent]Figma also facilitates collaboration among team members. Multiple designers can work on the prototype simultaneously, making it easy to share ideas and incorporate feedback quickly. This collaborative environment is conducive to creativity and innovation, resulting in a more refined and effective design. Once the prototype is fine-tuned and approved, the design can move to the next stage: development on Bubble.io.[/highlight]

[highlight=transparent]Bubble.io, a leading no-code platform, allows developers to turn these Figma prototypes into fully functional applications without extensive coding. The transition from Figma to Bubble.io is smooth, enabling developers to focus on functionality and performance. At MindforApps, our team of experienced developers excels in using Bubble.io to build robust applications that adhere to the original design vision.[/highlight]

[highlight=transparent]The process begins with translating the visual elements and interactions from the Figma prototype into Bubble.io. This involves setting up responsive layouts, integrating dynamic content, and ensuring the application performs well across different devices. The no-code nature of Bubble.io accelerates development, allowing for rapid iteration and deployment. Throughout this phase, the development team at MindforApps maintains close communication with the design team to ensure that the final product aligns with the prototype and meets all design specifications.[/highlight]
[highlight=transparent]ï»¿[/highlight]
[highlight=transparent]MindforApps specializes in creating prototypes for landing pages and dashboards. Our design team uses Figma to craft detailed and interactive prototypes that showcase the application's potential. These prototypes serve as a blueprint for the development team, guiding the creation of functional and visually appealing applications on Bubble.io.[/highlight]
","3","//ffe46b16a377e4f6249ab41469afe35b.cdn.bubble.io/f1721285167063x904456735846040200/The_Dynamic_Collaboration_of_MindforApps_Creating_Thoughtful_and.png","Prototyping with Figma: The First Step to Successful No-Code Development with MindforApps","Jul 18, 2024 9:46 am"
"","[highlight=transparent]Deciding to start your own business or launch a startup is a monumental step, filled with both excitement and uncertainty. The journey begins with a small idea, one that has the potential to grow into a large, successful enterprise. However, turning this idea into reality requires careful planning, dedication, and the support of a professional team. At MindforApps, we understand the intricacies of this journey and are here to help you every step of the way, from the initial concept to a fully functional application.[/highlight]

[highlight=transparent]Starting a business involves many crucial decisions, and making the right choices at the beginning can significantly impact the success of your venture. One of the first steps is to develop a clear and concise plan for your application. This starts with creating wireframes, which are simple sketches of your application's layout and functionality. Wireframes serve as the blueprint for your project, allowing you to visualize the structure and flow of your application without getting bogged down in details.[/highlight]

[highlight=transparent]Alongside wireframes, it's essential to create a site map that outlines the organization and hierarchy of your application's pages. A well-thought-out site map ensures that users can navigate your application easily, finding the information they need without frustration. Once you have a solid foundation, you can move on to developing the user experience (UX) design.[/highlight]

[highlight=transparent]UX design focuses on how users interact with your application, aiming to make their experience as intuitive and enjoyable as possible. This involves considering the user's journey through your application, identifying potential pain points, and addressing them proactively. At the same time, it's crucial to start thinking about the user interface (UI) design, which encompasses the visual elements of your application. This includes selecting color schemes, typography, and overall style to ensure a cohesive and appealing look.[/highlight]

[highlight=transparent]After the initial concept is approved, it's time to dive into the details. This phase involves refining the design, developing individual pages and dashboards, and ensuring that every element aligns with your overall vision. Creating a prototype in Figma is an excellent way to present your design to investors and partners. Figma allows you to build interactive prototypes that showcase your application's functionality and design, making it easier to communicate your vision and gather feedback.[/highlight]

[highlight=transparent]Once the prototype is polished and approved, it's ready for development. Thanks to no-code platforms like Bubble.io, you can quickly transition from design to a fully functional application. Bubble.io allows you to build sophisticated applications without extensive coding, speeding up the development process and enabling you to conduct comprehensive testing sooner. This rapid development cycle means you can bring your application to market faster, starting to generate revenue and validate your unique idea.[/highlight]

[highlight=transparent]At MindforApps, we are committed to helping you realize your dreams. Our team of experts is always ready to assist you in transforming your idea into a successful application. Whether you need help with wireframes, UX and UI design, prototyping, or development on Bubble.io, we have the skills and experience to support you at every stage. By partnering with MindforApps, you can focus on growing your business while we handle the technical details, ensuring your application is modern, user-friendly, and primed for success.[/highlight]
[highlight=transparent]ï»¿[/highlight]
[highlight=transparent]By starting with a small idea and working with a professional team like MindforApps, you can develop your concept into a thriving business. From initial wireframes and site maps to UX and UI design, prototyping in Figma, and development on Bubble.io, we provide the expertise and support you need to bring your vision to life.[/highlight]
","6","//ffe46b16a377e4f6249ab41469afe35b.cdn.bubble.io/f1721285856539x756568638114202500/Taking_the_Leap_From_Small_Idea_to_Thriving_Business_with_MindforApps.png","Taking the Leap: From Small Idea to Thriving Business with MindforApps","Jul 18, 2024 9:57 am"
"","[highlight=transparent]In the rapidly evolving digital landscape, user experience (UX) design has become a critical factor in determining the success of web and mobile applications. This is especially true for no-code platforms like Bubble.io, which empower individuals and businesses to create sophisticated applications without the need for extensive programming knowledge. At MindforApps, we understand the pivotal role that UX design plays in crafting applications that are not only functional but also intuitive and engaging. This article delves into the importance of UX design for no-code platforms, particularly those used in real estate, education, trainings, and other sectors, and highlights how our team at MindforApps leverages modern user needs to develop thoughtful and user-friendly applications.[/highlight]

[b][highlight=transparent]The Growing Relevance of No-Code Platforms[/highlight][/b]

[highlight=transparent]No-code platforms have revolutionized the way applications are developed. They offer a range of benefits, including reduced development time, lower costs, and the ability to quickly iterate and deploy new features. Bubble.io, a leading no-code platform, allows users to create complex applications through a visual interface, making it accessible to those without a technical background. However, the ease of development provided by no-code platforms also brings a unique set of challenges, particularly in ensuring that the end product offers a seamless user experience.[/highlight]

[b][highlight=transparent]The Crucial Role of UX Design[/highlight][/b]

[highlight=transparent]User experience design is the process of enhancing user satisfaction by improving the usability, accessibility, and pleasure provided in the interaction between the user and the product. In the context of no-code platforms like Bubble.io, UX design is crucial for several reasons:[/highlight]

[highlight=transparent]1. User-Centric Development: No-code platforms attract a wide range of users, from entrepreneurs to educators. A well-designed UX ensures that applications meet the diverse needs and expectations of these users, making them more likely to engage with and benefit from the application.[/highlight]

[highlight=transparent]2. Simplicity and Intuitiveness: One of the main advantages of no-code platforms is their simplicity. However, simplicity must not come at the expense of functionality. A thoughtful UX design ensures that the application remains intuitive and easy to navigate, even as it grows in complexity.[/highlight]

[highlight=transparent]3. Consistency and Coherence: Consistent design elements and a coherent structure are vital for creating a seamless user experience. This is especially important in applications that cater to multiple user groups, such as real estate platforms with separate interfaces for buyers, sellers, and agents.[/highlight]

[highlight=transparent]4. Accessibility: Ensuring that applications are accessible to all users, including those with disabilities, is a key aspect of UX design. No-code platforms must adhere to accessibility standards to provide an inclusive experience.[/highlight]

[b][highlight=transparent]MindforApps: Crafting Thoughtful and User-Friendly Applications[/highlight][/b]

[highlight=transparent]At MindforApps, we specialize in developing no-code applications on Bubble.io that are tailored to the specific needs of our clients. Our approach to UX design is grounded in a deep understanding of modern user requirements and industry best practices. Here's how we create applications that stand out:[/highlight]

[highlight=transparent]1. In-Depth User Research[/highlight]

[highlight=transparent]Before embarking on the design process, we conduct comprehensive user research to understand the target audience's needs, preferences, and pain points.[/highlight]

[highlight=transparent]2. Prototyping and Iteration[/highlight]

[highlight=transparent]Prototyping is a fundamental step in our design process. Using Figma, we create interactive prototypes that simulate the final product. This allows us to gather feedback early and often, making it possible to iterate and refine the design based on user input. Rapid prototyping helps us to quickly identify and address potential issues, ensuring that the final product is polished and user-friendly.[/highlight]

[highlight=transparent]3. Focus on Usability and Aesthetics[/highlight]

[highlight=transparent]While functionality is paramount, we also place a strong emphasis on aesthetics. A visually appealing application can significantly enhance the user experience. We employ a clean and modern design language, with attention to detail in typography, color schemes, and visual hierarchy. Our goal is to create applications that are not only easy to use but also pleasant to look at.[/highlight]

[highlight=transparent]4. Responsive and Adaptive Design[/highlight]

[highlight=transparent]In today's multi-device world, it is essential that applications perform well on a variety of screens and devices. We design responsive interfaces that adapt seamlessly to different screen sizes and orientations. This ensures a consistent user experience across desktops, tablets, and smartphones.[/highlight]

[highlight=transparent]5. Ongoing User Testing and Feedback[/highlight]

[highlight=transparent]UX design is an ongoing process that doesn't end with the application's launch. We continuously monitor user feedback and conduct usability tests to identify areas for improvement. By staying responsive to user needs and making iterative enhancements, we ensure that our applications remain relevant and user-friendly over time.[/highlight]

[b][highlight=transparent]Applications Across Different Sectors[/highlight][/b]

[highlight=transparent]Real Estate[/highlight]

[highlight=transparent]In the real estate sector, applications must cater to various stakeholders, including buyers, sellers, and agents. Our UX design approach ensures that each user group has a tailored experience, with intuitive search functions, detailed property listings, and seamless communication tools. By focusing on usability and accessibility, we create platforms that facilitate smooth transactions and enhance user satisfaction.[/highlight]

[highlight=transparent]Education[/highlight]

[highlight=transparent]Educational applications require a different set of UX considerations, such as interactive learning modules, progress tracking, and user engagement features. We design educational platforms that are intuitive for both students and educators, incorporating gamification elements and personalized learning paths to make the learning experience more engaging and effective.[/highlight]

[highlight=transparent]Trainings[/highlight]
[highlight=transparent]ï»¿[/highlight]
[highlight=transparent]For training applications, ease of use and interactivity are paramount. We develop platforms that support various training formats, including video tutorials, quizzes, and interactive simulations. Our UX design ensures that users can easily navigate through training materials, track their progress, and receive feedback, making the training process more efficient and enjoyable.[/highlight]

[highlight=transparent]In the world of no-code platforms, the importance of UX design cannot be overstated. At MindforApps, we are dedicated to creating applications that are not only functional but also user-centric and engaging. By leveraging our expertise in UX design and our deep understanding of modern user needs, we help our clients build applications on Bubble.io that stand out in the competitive digital landscape. Whether in real estate, education, trainings, or other sectors, our thoughtful and user-friendly designs ensure that users have a positive and productive experience, ultimately driving the success of the application.[/highlight]

","6","//ffe46b16a377e4f6249ab41469afe35b.cdn.bubble.io/f1721286148079x808294128985618400/The_Importance_of_UX_Design_in_Developing_No_Code_Platforms_on_Bubble.png","The Importance of UX Design in Developing No-Code Platforms on Bubble.io","Jul 18, 2024 10:02 am"
"","[highlight=transparent]In today's competitive digital landscape, the visual appeal of an application can make or break its success. User Interface (UI) design plays a pivotal role in shaping the first impressions users have of an app. This is particularly true for no-code platforms like Bubble.io, which allow individuals and businesses to develop sophisticated applications without extensive coding knowledge. At MindforApps, we are dedicated to creating visually stunning and memorable applications that cater to modern user needs. This article explores the importance of UI design for no-code platforms, recent trends in web design, and how our team at MindforApps leverages these trends to deliver exceptional applications.[/highlight]

[b][highlight=transparent]The Rising Influence of No-Code Platforms[/highlight][/b]

[highlight=transparent]No-code platforms have democratized app development, making it accessible to a broader audience. Bubble.io, a leading no-code platform, enables users to create complex applications through a visual interface, eliminating the need for traditional coding skills. However, the accessibility provided by no-code platforms also underscores the necessity of high-quality UI design. A well-crafted UI not only enhances user engagement but also sets an application apart in a crowded market.[/highlight]

[b][highlight=transparent]The Importance of UI Design[/highlight][/b]

[highlight=transparent]UI design focuses on the aesthetics and interactive elements of an application, ensuring that it is visually appealing and easy to navigate. For no-code platforms like Bubble.io, UI design is crucial for several reasons:[/highlight]

[highlight=transparent]1. First Impressions Matter: Users often judge an application within the first few seconds of interaction. A well-designed UI creates a positive first impression, encouraging users to explore the application further.[/highlight]

[highlight=transparent]2. Enhanced Usability: A thoughtfully designed UI makes an application intuitive and user-friendly. Clear navigation, consistent design elements, and responsive interfaces contribute to a seamless user experience.[/highlight]

[highlight=transparent]3. Brand Identity: UI design reflects an application's brand identity. Consistent use of colors, typography, and imagery helps establish a strong brand presence and fosters user loyalty.[/highlight]

[highlight=transparent]4. Competitive Edge: In a saturated market, a visually appealing UI can differentiate an application from its competitors. A unique and memorable design can attract and retain users.[/highlight]

[b][highlight=transparent]MindforApps: Creating Beautiful and Memorable Applications[/highlight][/b]

[highlight=transparent]At MindforApps, we pride ourselves on our ability to create stunning and user-centric applications on Bubble.io. Our approach to UI design is rooted in a deep understanding of modern user needs and design trends. Here's how we achieve this:[/highlight]

[highlight=transparent]1. Comprehensive Design Research: Our design process begins with thorough research to understand the target audience, industry standards, and current design trends. We analyze competitor applications and gather insights into user preferences and behaviors. This research informs our design decisions and ensures that our applications are both innovative and relevant.[/highlight]

[highlight=transparent]2. Design Prototyping and Iteration: We create interactive prototypes that allow us to visualize and test design concepts before the development process. Prototyping enables us to experiment with different design elements, gather user feedback, and make iterative improvements. This iterative approach ensures that our final designs are polished and aligned with user expectations.[/highlight]

[highlight=transparent]3. Focus on Visual Aesthetics: We place a strong emphasis on visual aesthetics, recognizing that a beautiful design can significantly enhance user engagement. Our team of designers meticulously selects color palettes, typography, and imagery to create visually cohesive and appealing applications.[/highlight]

[highlight=transparent]4. Responsive and Adaptive Design: In today's multi-device world, it's essential that applications perform well across various screen sizes and devices. We design responsive interfaces that adapt seamlessly to different screen dimensions, ensuring a consistent user experience on desktops, tablets, and smartphones.[/highlight]

[highlight=transparent]5. User-Centric Design Approach: Our design philosophy is centered around the user. We prioritize usability and accessibility, ensuring that our applications are easy to navigate and inclusive for all users. We conduct usability testing throughout the design process to identify and address any usability issues, making sure that our designs meet the highest standards of user experience.[/highlight]

[b][highlight=transparent]The Importance of Good Design[/highlight][/b]

[highlight=transparent]Investing in good design is crucial for the success of any application. A well-designed UI can:[/highlight]

[highlight=transparent]- Boost User Engagement: Visually appealing applications attract and retain users, increasing engagement and usage rates.[/highlight]

[highlight=transparent]- Enhance Usability: A clear and intuitive design makes it easier for users to navigate the application and achieve their goals.[/highlight]

[highlight=transparent]- Build Trust and Credibility: A professional and polished design instills confidence in users, enhancing the application's credibility and trustworthiness.[/highlight]
[highlight=transparent]ï»¿[/highlight]
[highlight=transparent]- Increase Conversion Rates: An effective UI can guide users towards desired actions, such as making a purchase or signing up for a service, thereby increasing conversion rates.[/highlight]

[highlight=transparent]UI design is a critical component of developing successful no-code applications on Bubble.io. At MindforApps, we are committed to creating beautiful and memorable applications that cater to modern user needs. By leveraging recent trends in web design and focusing on user-centric principles, we deliver applications that not only look great but also provide an exceptional user experience. Good design is an investment that pays off in terms of user engagement, satisfaction, and ultimately, the success of the application.[/highlight]

","2","//ffe46b16a377e4f6249ab41469afe35b.cdn.bubble.io/f1721286174417x590068119921085300/The%20Power%20of%20UI%20Design%20in%20No-Code%20Platforms%20on%20Bubble.io.png","The Power of UI Design in No-Code Platforms on Bubble.io","Jul 18, 2024 10:04 am"
"","[highlight=transparent]In the ever-evolving world of technology, no-code platforms like Bubble.io have revolutionized the way applications are developed, making it accessible to a broader audience without requiring extensive coding knowledge. At the forefront of this innovative approach is MindforApps, a company whose design and development teams work in unison to create thoughtful and engaging applications that meet modern user needs. This article delves into the productive collaboration at MindforApps and explores how the team leverages the latest features of Bubble.io to deliver outstanding applications.[/highlight]

[highlight=transparent]The success of MindforApps can be attributed to the seamless collaboration between its design and development teams. This synergy ensures that every application not only looks visually appealing but also functions flawlessly, providing an exceptional user experience. The design team at MindforApps is dedicated to understanding the latest trends in user interface (UI) and user experience (UX) design. They conduct extensive research to stay updated on the evolving preferences and behaviors of users, ensuring that every application they create is aligned with current market demands.[/highlight]

[highlight=transparent]At MindforApps, the design process begins with a deep dive into user research. This user-centric approach allows to create applications that are intuitive, easy to navigate, and visually captivating. The design team meticulously crafts each element, from typography and color schemes to layout and imagery, ensuring a cohesive and aesthetically pleasing interface.[/highlight]

[highlight=transparent]Once the design concepts are finalized, the development team steps in to bring these visions to life on Bubble.io. Bubble.io's no-code platform empowers the developers at MindforApps to rapidly prototype and iterate on applications, incorporating real-time feedback and making necessary adjustments on the fly. The platform's visual programming interface allows developers to focus on functionality and performance without getting bogged down by complex coding requirements. This efficiency translates into quicker development cycles and faster time-to-market for clients.[/highlight]

[highlight=transparent]The fruitful collaboration between the design and development teams at MindforApps results in applications that are not only visually stunning but also highly functional and user-friendly. This holistic approach to application development sets MindforApps apart in the no-code platform sphere, enabling us to consistently deliver high-quality products that exceed client expectations.[/highlight]
[highlight=transparent]ï»¿[/highlight]
[highlight=transparent]We exemplifies the power of productive collaboration in the realm of no-code platforms. By harnessing the latest features of Bubble.io and maintaining a user-centric approach, the design and development teams at MindforApps create applications that are thoughtful, engaging, and perfectly suited to modern user needs.[/highlight]","","//ffe46b16a377e4f6249ab41469afe35b.cdn.bubble.io/f1721286315301x272639212269188300/Prototyping_with_Figma_The_First_Step_to_Successful_No_Code_Development.png","The Dynamic Collaboration of MindforApps: Creating Thoughtful and Engaging Applications on Bubble.io","Jul 18, 2024 10:05 am"
"App Cost Calculator , App Cost Calculator - 3 Styles , Project Cost Calculator , Construction Cost Estimation , Branding Estimation Calculator , Solar Panel Estimation","These days, when speed matters, giving a potential clients an easy way to estimate their project cost can make all the difference. That's why we've created a series of ready-to-use cost calculator templates on Bubble — so companies can add instant pricing tools to their websites or apps, making it easier to attract and convert new customers.

[size=5][b]Why Our Calculator Templates Are Worth Using[/b][/size]
[ul]
[li][b]Convenient and simple. [/b]You get a ready-to-go tool that's easy to customize for your needs. No long development cycles — just pick a template and launch it.[/li]
[li][b]Save time and money. [/b]With our calculators, you don't need to spend resources building from scratch. They work right out of the box and are already optimized.[/li]
[li][b]No-code on Bubble is the future. [/b]All our templates are built on the Bubble platform — a powerful no-code tool that lets you create web apps without programming. This means you can easily update your calculator as your business grows.[/li]
[/ul]

[size=5][b]The Calculators We've Already Built[/b][/size]
We offer several template options, each of which is designed to solve specific business problems:
[ul]
[li][b][url=https://mindforapps.com/project_details/construction-cost-estimation][color=#325ffe]Construction Cost Estimation[/color][/url][/b] — a calculator for accurately assessing construction costs.[/li]
[li][b][url=https://mindforapps.com/project_details/solarpanelestimation][color=#325ffe]Solar Panel Estimation[/color] [/url][/b]— a tool for calculating the cost of installing solar panels.[/li]
[li][b][url=https://mindforapps.com/project_details/brandingestimation][color=#325ffe]Branding Estimation Calculator[/color][/url][/b] — helps determine the budget for branding and marketing.[/li]
[li][b][url=https://mindforapps.com/project_details/appestimation][color=#325ffe]Project Cost Calculator[/color][/url][/b] — a universal calculator for estimating the costs of projects of varying complexity.[/li]
[li][color=#325ffe][b][url=https://mindforapps.com/project_details/calculator]App Cost Calculator (3 styles)[/url][/b] [/color]— a template for calculating the cost of developing applications with three design options.[/li]
[li][b][url=https://mindforapps.com/project_details/estiapp][color=#325ffe]App Cost Calculator (classic)[/color][/url][/b] — a time-tested calculator for estimating the cost of mobile and web applications.[/li]
[/ul]

Adding a calculator to your website or app is a step toward automation and transparency. Your clients can instantly see an estimated price, while you save time on explanations and negotiations.

If you'd like, we can help you choose the right template and quickly adapt it to your needs. Get in touch and let's make your work with clients simpler and more efficient.


","1","//ffe46b16a377e4f6249ab41469afe35b.cdn.bubble.io/f1754311499560x389997420745448200/BLOG%20app%20cost.png","Cost Calculator Templates on Bubble — The Easy Way to Get a Quick Project Estimate
","Aug 4, 2025 3:48 pm"
